{
  "baseline": {
    "MAE": 0.7048778342983928,
    "RMSE": 0.8442825185874644,
    "R2": -0.006292191132824421
  },
  "rf": {
    "MAE": 0.4668382352941176,
    "RMSE": 0.6189044585056485,
    "R2": 0.4592509923398699
  }
}